"n","parameter","Average","Bias","MS","ASE","converged"
60,"a",1.0458,0.0448,0.0283,0.0304,"10000/10000"
60,"b",0.8035,0.0335,0.0174,0.0185,"10000/10000"
80,"a",1.035,0.034,0.0212,0.0224,"10000/10000"
80,"b",0.7952,0.0252,0.0129,0.0135,"10000/10000"
100,"a",1.0283,0.0273,0.0162,0.017,"10000/10000"
100,"b",0.7905,0.0205,0.0101,0.0105,"10000/10000"
200,"a",1.0157,0.0147,0.0079,0.0082,"10000/10000"
200,"b",0.7806,0.0106,0.0048,0.0049,"10000/10000"
400,"a",1.0066,0.0056,0.0038,0.0039,"10000/10000"
400,"b",0.7748,0.0048,0.0023,0.0024,"10000/10000"
600,"a",1.0061,0.0051,0.0026,0.0026,"10000/10000"
600,"b",0.7734,0.0034,0.0015,0.0015,"10000/10000"
800,"a",1.004,0.003,0.0018,0.0018,"10000/10000"
800,"b",0.7722,0.0022,0.0011,0.0011,"10000/10000"
1000,"a",1.0043,0.0033,0.0015,0.0015,"10000/10000"
1000,"b",0.7721,0.0021,9e-04,9e-04,"10000/10000"
